dataset,ego_motion,yaw_deg,point_in_box_retention,projected_box_iou,mean_shift_px,fov_ratio,evaluated_objects
kitti_mini,True,-3.000000,0.368406,0.197576,45.953546,0.163747,44
kitti_mini,True,-2.000000,0.513911,0.279974,30.780450,0.163897,44
kitti_mini,True,-1.000000,0.767094,0.417739,15.467985,0.164112,44
kitti_mini,True,0.000000,0.996054,0.619745,0.000000,0.164323,44
kitti_mini,True,1.000000,0.740754,0.430743,15.474149,0.164500,44
kitti_mini,True,2.000000,0.559381,0.312657,30.804461,0.164648,44
kitti_mini,True,3.000000,0.434197,0.226343,45.988979,0.164669,44
nuscenes_mini_subset,True,-3.000000,0.292090,0.111024,77.073653,0.093526,51
nuscenes_mini_subset,True,-2.000000,0.446633,0.137188,51.572673,0.093678,51
nuscenes_mini_subset,True,-1.000000,0.698656,0.185724,25.885646,0.093725,51
nuscenes_mini_subset,True,0.000000,0.977778,0.233410,0.000000,0.093697,51
nuscenes_mini_subset,True,1.000000,0.727553,0.188523,25.887931,0.093652,51
nuscenes_mini_subset,True,2.000000,0.445965,0.127426,51.586897,0.093619,51
nuscenes_mini_subset,True,3.000000,0.318024,0.100081,77.121451,0.093631,51
nuscenes_mini_subset,False,-3.000000,0.295457,0.111954,77.930917,0.090267,50
nuscenes_mini_subset,False,-2.000000,0.452855,0.137167,52.154229,0.090355,50
nuscenes_mini_subset,False,-1.000000,0.693747,0.188901,26.181366,0.090494,50
nuscenes_mini_subset,False,0.000000,0.999600,0.236774,0.000000,0.090484,50
nuscenes_mini_subset,False,1.000000,0.746236,0.186475,26.185252,0.090370,50
nuscenes_mini_subset,False,2.000000,0.456314,0.129076,52.182755,0.090377,50
nuscenes_mini_subset,False,3.000000,0.327708,0.101268,78.009235,0.090354,50
