param,perturb_value,fov_ratio,mean_shift_near_px,mean_shift_mid_px,mean_shift_far_px,mean_shift_overall_px,point_in_box_retention,projected_box_iou,evaluated_objects
yaw_deg,-3.000000,0.163747,46.826042,45.165065,42.158620,45.953546,0.368406,0.197576,44
yaw_deg,-2.000000,0.163897,31.412557,30.154660,28.094858,30.780450,0.513911,0.279974,44
yaw_deg,-1.500000,0.164000,23.634354,22.641103,21.071756,23.144006,0.644524,0.341456,44
yaw_deg,-1.000000,0.164112,15.807117,15.105570,14.048405,15.467985,0.767094,0.417739,44
yaw_deg,-0.500000,0.164225,7.929216,7.560888,7.024976,7.754306,0.905934,0.521779,44
yaw_deg,0.000000,0.164323,0.000000,0.000000,0.000000,0.000000,0.996054,0.619745,44
yaw_deg,0.500000,0.164404,7.934986,7.548131,7.022538,7.755761,0.910415,0.521987,44
yaw_deg,1.000000,0.164500,15.828507,15.064923,14.033144,15.474149,0.740754,0.430743,44
yaw_deg,1.500000,0.164576,23.684290,22.556224,21.026872,23.158365,0.635802,0.367560,44
yaw_deg,2.000000,0.164648,31.497653,30.018225,28.003158,30.804461,0.559381,0.312657,44
yaw_deg,3.000000,0.164669,46.993967,44.880737,41.916502,45.988979,0.434197,0.226343,44
