error_type,error_frame,debug_layer,detection_method,impact
"Timestamp Jitter / Packet Drop (dt=0.20s vs nominal 0.10s)","000003","Time","Computed delta t between consecutive frames; found dt=0.20s between frame 000002 and 000003","Desynchronization between sensors, vehicle position interpolation errors"
"Invalid Values (NaN=23, Inf=0) in Velodyne Raw Scan","000000","I/O & Preprocess","np.isnan(pts).any(axis=1).sum(); detected unmasked NaN floating-point coordinates","Crashes downstream coordinate transformations unless explicitly filtered"
"3D Box Field-of-View Truncation (Car at 9.8m, only 6/8 corners in image)","000000","Geometry / Sensor FOV","Projected 8 3D box corners to pixel space; found corners exceed vertical image bounds (v >= 375 px)","Ground truncation for very close obstacles (<8m) due to camera pitch and mounting height"
"3D Box Field-of-View Truncation (Pedestrian at 6.0m, only 4/8 corners in image)","000000","Geometry / Sensor FOV","Projected 8 3D box corners to pixel space; found corners exceed vertical image bounds (v >= 375 px)","Ground truncation for very close obstacles (<8m) due to camera pitch and mounting height"
"Invalid Values (NaN=23, Inf=0) in Velodyne Raw Scan","000001","I/O & Preprocess","np.isnan(pts).any(axis=1).sum(); detected unmasked NaN floating-point coordinates","Crashes downstream coordinate transformations unless explicitly filtered"
"Invalid Values (NaN=23, Inf=0) in Velodyne Raw Scan","000002","I/O & Preprocess","np.isnan(pts).any(axis=1).sum(); detected unmasked NaN floating-point coordinates","Crashes downstream coordinate transformations unless explicitly filtered"
"Invalid Values (NaN=22, Inf=0) in Velodyne Raw Scan","000003","I/O & Preprocess","np.isnan(pts).any(axis=1).sum(); detected unmasked NaN floating-point coordinates","Crashes downstream coordinate transformations unless explicitly filtered"
"LiDAR Sector Dropout (~1737 points dropped)","000003","Sensor / Preprocess","Azimuth histogram analysis in 10° bins; severe drop in sector [-40°, -30°], [-30°, -20°], [-20°, -10°]","Sensor blind spot; inability to detect objects entering right/front field of view"
"Invalid Values (NaN=23, Inf=0) in Velodyne Raw Scan","000004","I/O & Preprocess","np.isnan(pts).any(axis=1).sum(); detected unmasked NaN floating-point coordinates","Crashes downstream coordinate transformations unless explicitly filtered"
